client_order_id,trader_id,strategy_id,instrument_id,venue_order_id,position_id,account_id,last_trade_id,type,side,quantity,time_in_force,is_reduce_only,is_quote_quantity,filled_qty,liquidity_side,avg_px,slippage,commissions,emulation_trigger,status,contingency_type,order_list_id,linked_order_ids,parent_order_id,exec_algorithm_id,exec_algorithm_params,exec_spawn_id,tags,init_id,ts_init,ts_last,trigger_price,trigger_type,expire_time_ns,trigger_instrument_id,price,is_post_only,display_qty
O-20240102-011500-001-000-1,AGG-DEMO-001,InternalEmaCrossStrategy-000,EURUSD.FOREX_MS,FOREX_MS-1-001,EURUSD.FOREX_MS-InternalEmaCrossStrategy-000,FOREX_MS-001,FOREX_MS-1-002,MARKET,BUY,100000,GTC,False,False,100000,TAKER,1.1040699922000001,0.0,['110.41 USD'],NO_TRIGGER,FILLED,OTO,OL-20240102-011500-001-000-1,"['O-20240102-011500-001-000-2', 'O-20240102-011500-001-000-3']",,,,,['ENTRY'],47cb8878-5d95-4376-b836-df7f9ecbe289,2024-01-02 01:15:00+00:00,2024-01-02 01:15:00+00:00,,,,,,,
O-20240102-011500-001-000-2,AGG-DEMO-001,InternalEmaCrossStrategy-000,EURUSD.FOREX_MS,FOREX_MS-1-002,EURUSD.FOREX_MS-InternalEmaCrossStrategy-000,FOREX_MS-001,FOREX_MS-1-004,STOP_MARKET,SELL,100000,GTC,True,False,100000,TAKER,1.1020500039999999,9.99600000017864e-06,['110.20 USD'],NO_TRIGGER,FILLED,OUO,OL-20240102-011500-001-000-1,['O-20240102-011500-001-000-3'],O-20240102-011500-001-000-1,,,,['STOP_LOSS'],8c9716b9-1802-4f66-8e6f-bcc35233b03a,2024-01-02 01:15:00+00:00,2024-01-02 02:53:00+00:00,1.10206,DEFAULT,,,,,
O-20240102-052000-001-000-4,AGG-DEMO-001,InternalEmaCrossStrategy-000,EURUSD.FOREX_MS,FOREX_MS-1-004,EURUSD.FOREX_MS-InternalEmaCrossStrategy-000,FOREX_MS-001,FOREX_MS-1-006,MARKET,BUY,100000,GTC,False,False,100000,TAKER,1.1025699994,0.0,['110.26 USD'],NO_TRIGGER,FILLED,OTO,OL-20240102-052000-001-000-2,"['O-20240102-052000-001-000-5', 'O-20240102-052000-001-000-6']",,,,,['ENTRY'],f1e7cce6-8a84-486a-b6dc-5fbb5ba8c15b,2024-01-02 05:20:00+00:00,2024-01-02 05:20:00+00:00,,,,,,,
O-20240102-052000-001-000-5,AGG-DEMO-001,InternalEmaCrossStrategy-000,EURUSD.FOREX_MS,FOREX_MS-1-005,EURUSD.FOREX_MS-InternalEmaCrossStrategy-000,FOREX_MS-001,FOREX_MS-1-008,STOP_MARKET,SELL,100000,GTC,True,False,100000,TAKER,1.100550011,9.989000000043546e-06,['110.05 USD'],NO_TRIGGER,FILLED,OUO,OL-20240102-052000-001-000-2,['O-20240102-052000-001-000-6'],O-20240102-052000-001-000-4,,,,['STOP_LOSS'],76024eb8-e104-46e0-bd94-f7ba805cba04,2024-01-02 05:20:00+00:00,2024-01-02 10:09:00+00:00,1.10056,DEFAULT,,,,,
O-20240102-150000-001-000-7,AGG-DEMO-001,InternalEmaCrossStrategy-000,EURUSD.FOREX_MS,FOREX_MS-1-007,EURUSD.FOREX_MS-InternalEmaCrossStrategy-000,FOREX_MS-001,FOREX_MS-1-010,MARKET,BUY,100000,GTC,False,False,100000,TAKER,1.0966099807000003,0.0,['109.66 USD'],NO_TRIGGER,FILLED,OTO,OL-20240102-150000-001-000-3,"['O-20240102-150000-001-000-8', 'O-20240102-150000-001-000-9']",,,,,['ENTRY'],02946aab-c548-4de5-8399-5b20ad06956d,2024-01-02 15:00:00+00:00,2024-01-02 15:00:00+00:00,,,,,,,
O-20240102-150000-001-000-8,AGG-DEMO-001,InternalEmaCrossStrategy-000,EURUSD.FOREX_MS,FOREX_MS-1-008,EURUSD.FOREX_MS-InternalEmaCrossStrategy-000,FOREX_MS-001,FOREX_MS-1-012,STOP_MARKET,SELL,100000,GTC,True,False,100000,TAKER,1.0945900063,9.993699999988337e-06,['109.46 USD'],NO_TRIGGER,FILLED,OUO,OL-20240102-150000-001-000-3,['O-20240102-150000-001-000-9'],O-20240102-150000-001-000-7,,,,['STOP_LOSS'],07686a32-daf4-4a3d-8470-3a177b246db8,2024-01-02 15:00:00+00:00,2024-01-02 15:55:00+00:00,1.09460,DEFAULT,,,,,
O-20240102-182500-001-000-10,AGG-DEMO-001,InternalEmaCrossStrategy-000,EURUSD.FOREX_MS,FOREX_MS-1-010,EURUSD.FOREX_MS-InternalEmaCrossStrategy-000,FOREX_MS-001,FOREX_MS-1-014,MARKET,BUY,100000,GTC,False,False,100000,TAKER,1.0954699973,0.0,['109.55 USD'],NO_TRIGGER,FILLED,OTO,OL-20240102-182500-001-000-4,"['O-20240102-182500-001-000-11', 'O-20240102-182500-001-000-12']",,,,,['ENTRY'],068dd462-aadd-4615-82ec-083a393bb5df,2024-01-02 18:25:00+00:00,2024-01-02 18:25:00+00:00,,,,,,,
O-20240102-182500-001-000-11,AGG-DEMO-001,InternalEmaCrossStrategy-000,EURUSD.FOREX_MS,FOREX_MS-1-011,EURUSD.FOREX_MS-InternalEmaCrossStrategy-000,FOREX_MS-001,FOREX_MS-1-016,STOP_MARKET,SELL,100000,GTC,True,False,100000,TAKER,1.0934500038,9.996200000195188e-06,['109.34 USD'],NO_TRIGGER,FILLED,OUO,OL-20240102-182500-001-000-4,['O-20240102-182500-001-000-12'],O-20240102-182500-001-000-10,,,,['STOP_LOSS'],2ddefe71-3e03-4ed8-933f-9087e85623d1,2024-01-02 18:25:00+00:00,2024-01-03 10:01:00+00:00,1.09346,DEFAULT,,,,,
O-20240103-150000-001-000-13,AGG-DEMO-001,InternalEmaCrossStrategy-000,EURUSD.FOREX_MS,FOREX_MS-1-013,EURUSD.FOREX_MS-InternalEmaCrossStrategy-000,FOREX_MS-001,FOREX_MS-1-018,MARKET,BUY,100000,GTC,False,False,100000,TAKER,1.0925099649,0.0,['109.25 USD'],NO_TRIGGER,FILLED,OTO,OL-20240103-150000-001-000-5,"['O-20240103-150000-001-000-14', 'O-20240103-150000-001-000-15']",,,,,['ENTRY'],bad80ccf-8f2d-4115-a0b4-64d403c59ab6,2024-01-03 15:00:00+00:00,2024-01-03 15:00:00+00:00,,,,,,,
O-20240103-150000-001-000-14,AGG-DEMO-001,InternalEmaCrossStrategy-000,EURUSD.FOREX_MS,FOREX_MS-1-014,EURUSD.FOREX_MS-InternalEmaCrossStrategy-000,FOREX_MS-001,FOREX_MS-1-020,STOP_MARKET,SELL,100000,GTC,True,False,100000,TAKER,1.0904900172,9.982799999974645e-06,['109.05 USD'],NO_TRIGGER,FILLED,OUO,OL-20240103-150000-001-000-5,['O-20240103-150000-001-000-15'],O-20240103-150000-001-000-13,,,,['STOP_LOSS'],d34a4faf-253c-4439-b5dd-5d3884b1e1ca,2024-01-03 15:00:00+00:00,2024-01-03 15:40:00+00:00,1.09050,DEFAULT,,,,,
O-20240103-181000-001-000-16,AGG-DEMO-001,InternalEmaCrossStrategy-000,EURUSD.FOREX_MS,FOREX_MS-1-016,EURUSD.FOREX_MS-InternalEmaCrossStrategy-000,FOREX_MS-001,FOREX_MS-1-022,MARKET,BUY,100000,GTC,False,False,100000,TAKER,1.0912599914,0.0,['109.12 USD'],NO_TRIGGER,FILLED,OTO,OL-20240103-181000-001-000-6,"['O-20240103-181000-001-000-17', 'O-20240103-181000-001-000-18']",,,,,['ENTRY'],2ef3b206-15bc-493d-932e-2d0603159c90,2024-01-03 18:10:00+00:00,2024-01-03 18:10:00+00:00,,,,,,,
O-20240103-181000-001-000-18,AGG-DEMO-001,InternalEmaCrossStrategy-000,EURUSD.FOREX_MS,FOREX_MS-1-018,EURUSD.FOREX_MS-InternalEmaCrossStrategy-000,FOREX_MS-001,FOREX_MS-1-024,LIMIT,SELL,100000,GTC,True,False,100000,MAKER,1.09525,0.0,['109.52 USD'],NO_TRIGGER,FILLED,OUO,OL-20240103-181000-001-000-6,['O-20240103-181000-001-000-17'],O-20240103-181000-001-000-16,,,,['TAKE_PROFIT'],64a0316b-6ef1-49cd-9966-d46a408fa33e,2024-01-03 18:10:00+00:00,2024-01-04 08:55:00+00:00,,,,,1.09525,True,
O-20240104-110500-001-000-19,AGG-DEMO-001,InternalEmaCrossStrategy-000,EURUSD.FOREX_MS,FOREX_MS-1-019,EURUSD.FOREX_MS-InternalEmaCrossStrategy-000,FOREX_MS-001,FOREX_MS-1-026,MARKET,SELL,100000,GTC,False,False,100000,TAKER,1.0955200038,0.0,['109.55 USD'],NO_TRIGGER,FILLED,OTO,OL-20240104-110500-001-000-7,"['O-20240104-110500-001-000-20', 'O-20240104-110500-001-000-21']",,,,,['ENTRY'],34492c64-fa23-4542-9595-e4dddf6c4306,2024-01-04 11:05:00+00:00,2024-01-04 11:05:00+00:00,,,,,,,
O-20240104-110500-001-000-21,AGG-DEMO-001,InternalEmaCrossStrategy-000,EURUSD.FOREX_MS,FOREX_MS-1-021,EURUSD.FOREX_MS-InternalEmaCrossStrategy-000,FOREX_MS-001,FOREX_MS-1-029,LIMIT,BUY,100000,GTC,True,False,100000,MAKER,1.09155,0.0,['109.16 USD'],NO_TRIGGER,FILLED,OUO,OL-20240104-110500-001-000-7,['O-20240104-110500-001-000-20'],O-20240104-110500-001-000-19,,,,['TAKE_PROFIT'],eb83603d-1adf-4054-aad7-4d295ccfe21f,2024-01-04 11:05:00+00:00,2024-01-05 08:31:00+00:00,,,,,1.09155,True,
O-20240105-112000-001-000-22,AGG-DEMO-001,InternalEmaCrossStrategy-000,EURUSD.FOREX_MS,FOREX_MS-1-022,EURUSD.FOREX_MS-InternalEmaCrossStrategy-000,FOREX_MS-001,FOREX_MS-1-031,MARKET,BUY,100000,GTC,False,False,100000,TAKER,1.0915799971,0.0,['109.16 USD'],NO_TRIGGER,FILLED,OTO,OL-20240105-112000-001-000-8,"['O-20240105-112000-001-000-23', 'O-20240105-112000-001-000-24']",,,,,['ENTRY'],318fdd77-876c-4071-9eb6-501ff0701c64,2024-01-05 11:20:00+00:00,2024-01-05 11:20:00+00:00,,,,,,,
O-20240105-112000-001-000-23,AGG-DEMO-001,InternalEmaCrossStrategy-000,EURUSD.FOREX_MS,FOREX_MS-1-023,EURUSD.FOREX_MS-InternalEmaCrossStrategy-000,FOREX_MS-001,FOREX_MS-1-033,STOP_MARKET,SELL,100000,GTC,True,False,100000,TAKER,1.0895600522,9.947799999965312e-06,['108.96 USD'],NO_TRIGGER,FILLED,OUO,OL-20240105-112000-001-000-8,['O-20240105-112000-001-000-24'],O-20240105-112000-001-000-22,,,,['STOP_LOSS'],0f6afbe6-6d89-4382-b048-4e56c61d7c28,2024-01-05 11:20:00+00:00,2024-01-05 13:30:00+00:00,1.08957,DEFAULT,,,,,
O-20240105-133000-001-000-25,AGG-DEMO-001,InternalEmaCrossStrategy-000,EURUSD.FOREX_MS,FOREX_MS-1-025,EURUSD.FOREX_MS-InternalEmaCrossStrategy-000,FOREX_MS-001,FOREX_MS-1-035,MARKET,SELL,100000,GTC,False,False,100000,TAKER,1.0881400524000002,0.0,['108.81 USD'],NO_TRIGGER,FILLED,OTO,OL-20240105-133000-001-000-9,"['O-20240105-133000-001-000-26', 'O-20240105-133000-001-000-27']",,,,,['ENTRY'],c0b5dfe1-831f-4e59-990d-aaa5bd65ebf9,2024-01-05 13:30:00+00:00,2024-01-05 13:30:00+00:00,,,,,,,
O-20240105-133000-001-000-26,AGG-DEMO-001,InternalEmaCrossStrategy-000,EURUSD.FOREX_MS,FOREX_MS-1-026,EURUSD.FOREX_MS-InternalEmaCrossStrategy-000,FOREX_MS-001,FOREX_MS-1-037,STOP_MARKET,BUY,100000,GTC,True,False,100000,TAKER,1.0901999544,9.95440000006731e-06,['109.02 USD'],NO_TRIGGER,FILLED,OUO,OL-20240105-133000-001-000-9,['O-20240105-133000-001-000-27'],O-20240105-133000-001-000-25,,,,['STOP_LOSS'],952d1a3d-76aa-4a29-8ee0-9d4a8872e613,2024-01-05 13:30:00+00:00,2024-01-05 13:34:00+00:00,1.09019,DEFAULT,,,,,
O-20240105-140000-001-000-28,AGG-DEMO-001,InternalEmaCrossStrategy-000,EURUSD.FOREX_MS,FOREX_MS-1-028,EURUSD.FOREX_MS-InternalEmaCrossStrategy-000,FOREX_MS-001,FOREX_MS-1-039,MARKET,BUY,100000,GTC,False,False,100000,TAKER,1.0927599748999999,0.0,['109.27 USD'],NO_TRIGGER,FILLED,OTO,OL-20240105-140000-001-000-10,"['O-20240105-140000-001-000-29', 'O-20240105-140000-001-000-30']",,,,,['ENTRY'],b3e3fb18-f9aa-4b25-b5a6-3acf4249939e,2024-01-05 14:00:00+00:00,2024-01-05 14:00:00+00:00,,,,,,,
O-20240105-140000-001-000-30,AGG-DEMO-001,InternalEmaCrossStrategy-000,EURUSD.FOREX_MS,FOREX_MS-1-030,EURUSD.FOREX_MS-InternalEmaCrossStrategy-000,FOREX_MS-001,FOREX_MS-1-041,LIMIT,SELL,100000,GTC,True,False,100000,MAKER,1.09675,0.0,['109.67 USD'],NO_TRIGGER,FILLED,OUO,OL-20240105-140000-001-000-10,['O-20240105-140000-001-000-29'],O-20240105-140000-001-000-28,,,,['TAKE_PROFIT'],e66688a6-6f9d-434f-9ace-6ace7a3c74b3,2024-01-05 14:00:00+00:00,2024-01-05 15:00:00+00:00,,,,,1.09675,True,
O-20240105-165500-001-000-31,AGG-DEMO-001,InternalEmaCrossStrategy-000,EURUSD.FOREX_MS,FOREX_MS-1-031,EURUSD.FOREX_MS-InternalEmaCrossStrategy-000,FOREX_MS-001,FOREX_MS-1-043,MARKET,SELL,100000,GTC,False,False,100000,TAKER,1.0957300096000002,0.0,['109.58 USD'],NO_TRIGGER,FILLED,OTO,OL-20240105-165500-001-000-11,"['O-20240105-165500-001-000-32', 'O-20240105-165500-001-000-33']",,,,,['ENTRY'],b79580d8-46ed-4559-bd22-3a0b05eaff3d,2024-01-05 16:55:00+00:00,2024-01-05 16:55:00+00:00,,,,,,,
O-20240105-165500-001-000-32,AGG-DEMO-001,InternalEmaCrossStrategy-000,EURUSD.FOREX_MS,FOREX_MS-1-032,EURUSD.FOREX_MS-InternalEmaCrossStrategy-000,FOREX_MS-001,FOREX_MS-1-045,STOP_MARKET,BUY,100000,GTC,True,False,100000,TAKER,1.0977799938000001,9.993800000218656e-06,['109.78 USD'],NO_TRIGGER,FILLED,OUO,OL-20240105-165500-001-000-11,['O-20240105-165500-001-000-33'],O-20240105-165500-001-000-31,,,,['STOP_LOSS'],3163707f-f3d0-407c-9429-ee2349e72df8,2024-01-05 16:55:00+00:00,2024-01-08 16:12:00+00:00,1.09777,DEFAULT,,,,,
O-20240108-173500-001-000-34,AGG-DEMO-001,InternalEmaCrossStrategy-000,EURUSD.FOREX_MS,FOREX_MS-1-034,EURUSD.FOREX_MS-InternalEmaCrossStrategy-000,FOREX_MS-001,FOREX_MS-1-047,MARKET,SELL,100000,GTC,False,False,100000,TAKER,1.0964500069,0.0,['109.65 USD'],NO_TRIGGER,FILLED,OTO,OL-20240108-173500-001-000-12,"['O-20240108-173500-001-000-35', 'O-20240108-173500-001-000-36']",,,,,['ENTRY'],943feaa5-bc45-4634-a637-35fbe788700f,2024-01-08 17:35:00+00:00,2024-01-08 17:35:00+00:00,,,,,,,
O-20240108-173500-001-000-36,AGG-DEMO-001,InternalEmaCrossStrategy-000,EURUSD.FOREX_MS,FOREX_MS-1-036,EURUSD.FOREX_MS-InternalEmaCrossStrategy-000,FOREX_MS-001,FOREX_MS-1-049,LIMIT,BUY,100000,GTC,True,False,100000,MAKER,1.0925,0.0,['109.25 USD'],NO_TRIGGER,FILLED,OUO,OL-20240108-173500-001-000-12,['O-20240108-173500-001-000-35'],O-20240108-173500-001-000-34,,,,['TAKE_PROFIT'],c6a60e50-0c8b-445d-bd63-fd8cf5ea11d8,2024-01-08 17:35:00+00:00,2024-01-09 15:49:00+00:00,,,,,1.09250,True,
O-20240109-171000-001-000-37,AGG-DEMO-001,InternalEmaCrossStrategy-000,EURUSD.FOREX_MS,FOREX_MS-1-037,EURUSD.FOREX_MS-InternalEmaCrossStrategy-000,FOREX_MS-001,FOREX_MS-1-051,MARKET,BUY,100000,GTC,False,False,100000,TAKER,1.0935699938999999,0.0,['109.36 USD'],NO_TRIGGER,FILLED,OTO,OL-20240109-171000-001-000-13,"['O-20240109-171000-001-000-38', 'O-20240109-171000-001-000-39']",,,,,['ENTRY'],2cc6b539-8c91-4473-b326-adcf27e5b60d,2024-01-09 17:10:00+00:00,2024-01-09 17:10:00+00:00,,,,,,,
O-20240109-171000-001-000-39,AGG-DEMO-001,InternalEmaCrossStrategy-000,EURUSD.FOREX_MS,FOREX_MS-1-039,EURUSD.FOREX_MS-InternalEmaCrossStrategy-000,FOREX_MS-001,FOREX_MS-1-053,LIMIT,SELL,100000,GTC,True,False,100000,MAKER,1.09756,0.0,['109.76 USD'],NO_TRIGGER,FILLED,OUO,OL-20240109-171000-001-000-13,['O-20240109-171000-001-000-38'],O-20240109-171000-001-000-37,,,,['TAKE_PROFIT'],9e7cb12b-f2d1-41f2-877e-9235c9da8940,2024-01-09 17:10:00+00:00,2024-01-11 00:16:00+00:00,,,,,1.09756,True,
O-20240111-044500-001-000-40,AGG-DEMO-001,InternalEmaCrossStrategy-000,EURUSD.FOREX_MS,FOREX_MS-1-040,EURUSD.FOREX_MS-InternalEmaCrossStrategy-000,FOREX_MS-001,FOREX_MS-1-055,MARKET,SELL,100000,GTC,False,False,100000,TAKER,1.0978400016,0.0,['109.79 USD'],NO_TRIGGER,FILLED,OTO,OL-20240111-044500-001-000-14,"['O-20240111-044500-001-000-41', 'O-20240111-044500-001-000-42']",,,,,['ENTRY'],1c0d4893-6145-4fe2-9de0-13c01b1e0f76,2024-01-11 04:45:00+00:00,2024-01-11 04:45:00+00:00,,,,,,,
O-20240111-044500-001-000-41,AGG-DEMO-001,InternalEmaCrossStrategy-000,EURUSD.FOREX_MS,FOREX_MS-1-041,EURUSD.FOREX_MS-InternalEmaCrossStrategy-000,FOREX_MS-001,FOREX_MS-1-057,STOP_MARKET,BUY,100000,GTC,True,False,100000,TAKER,1.0998899698,9.969800000009243e-06,['109.99 USD'],NO_TRIGGER,FILLED,OUO,OL-20240111-044500-001-000-14,['O-20240111-044500-001-000-42'],O-20240111-044500-001-000-40,,,,['STOP_LOSS'],8a1edd36-7144-45f6-ae37-a00cdd904ef9,2024-01-11 04:45:00+00:00,2024-01-11 13:30:00+00:00,1.09988,DEFAULT,,,,,
O-20240111-133500-001-000-43,AGG-DEMO-001,InternalEmaCrossStrategy-000,EURUSD.FOREX_MS,FOREX_MS-1-043,EURUSD.FOREX_MS-InternalEmaCrossStrategy-000,FOREX_MS-001,FOREX_MS-1-059,MARKET,SELL,100000,GTC,False,False,100000,TAKER,1.0976300464,0.0,['109.76 USD'],NO_TRIGGER,FILLED,OTO,OL-20240111-133500-001-000-15,"['O-20240111-133500-001-000-44', 'O-20240111-133500-001-000-45']",,,,,['ENTRY'],68c58c73-8a8f-4344-970f-ee5aa4c27331,2024-01-11 13:35:00+00:00,2024-01-11 13:35:00+00:00,,,,,,,
O-20240111-133500-001-000-45,AGG-DEMO-001,InternalEmaCrossStrategy-000,EURUSD.FOREX_MS,FOREX_MS-1-045,EURUSD.FOREX_MS-InternalEmaCrossStrategy-000,FOREX_MS-001,FOREX_MS-1-061,LIMIT,BUY,100000,GTC,True,False,100000,MAKER,1.09367,0.0,['109.36 USD'],NO_TRIGGER,FILLED,OUO,OL-20240111-133500-001-000-15,['O-20240111-133500-001-000-44'],O-20240111-133500-001-000-43,,,,['TAKE_PROFIT'],0c5b021d-ce07-4d7f-abfe-9e26371b0460,2024-01-11 13:35:00+00:00,2024-01-11 13:54:00+00:00,,,,,1.09367,True,
O-20240111-175000-001-000-46,AGG-DEMO-001,InternalEmaCrossStrategy-000,EURUSD.FOREX_MS,FOREX_MS-1-046,EURUSD.FOREX_MS-InternalEmaCrossStrategy-000,FOREX_MS-001,FOREX_MS-1-063,MARKET,BUY,100000,GTC,False,False,100000,TAKER,1.0951799958000001,0.0,['109.52 USD'],NO_TRIGGER,FILLED,OTO,OL-20240111-175000-001-000-16,"['O-20240111-175000-001-000-47', 'O-20240111-175000-001-000-48']",,,,,['ENTRY'],7112d650-de6d-4f28-b9b6-995165f5cb17,2024-01-11 17:50:00+00:00,2024-01-11 17:50:00+00:00,,,,,,,
O-20240111-175000-001-000-47,AGG-DEMO-001,InternalEmaCrossStrategy-000,EURUSD.FOREX_MS,FOREX_MS-1-047,EURUSD.FOREX_MS-InternalEmaCrossStrategy-000,FOREX_MS-001,FOREX_MS-1-065,STOP_MARKET,SELL,100000,GTC,True,False,100000,TAKER,1.0931600086,9.991400000020079e-06,['109.31 USD'],NO_TRIGGER,FILLED,OUO,OL-20240111-175000-001-000-16,['O-20240111-175000-001-000-48'],O-20240111-175000-001-000-46,,,,['STOP_LOSS'],40981120-20b6-4921-9385-258f6933f7a7,2024-01-11 17:50:00+00:00,2024-01-16 00:41:00+00:00,1.09317,DEFAULT,,,,,
O-20240116-063500-001-000-49,AGG-DEMO-001,InternalEmaCrossStrategy-000,EURUSD.FOREX_MS,FOREX_MS-1-049,EURUSD.FOREX_MS-InternalEmaCrossStrategy-000,FOREX_MS-001,FOREX_MS-1-067,MARKET,BUY,100000,GTC,False,False,100000,TAKER,1.0920999915000003,0.0,['109.21 USD'],NO_TRIGGER,FILLED,OTO,OL-20240116-063500-001-000-17,"['O-20240116-063500-001-000-50', 'O-20240116-063500-001-000-51']",,,,,['ENTRY'],48fcbab8-6b58-4784-95aa-f04689bb71c4,2024-01-16 06:35:00+00:00,2024-01-16 06:35:00+00:00,,,,,,,
O-20240116-063500-001-000-50,AGG-DEMO-001,InternalEmaCrossStrategy-000,EURUSD.FOREX_MS,FOREX_MS-1-050,EURUSD.FOREX_MS-InternalEmaCrossStrategy-000,FOREX_MS-001,FOREX_MS-1-069,STOP_MARKET,SELL,100000,GTC,True,False,100000,TAKER,1.0900800149,9.985099999942904e-06,['109.01 USD'],NO_TRIGGER,FILLED,OUO,OL-20240116-063500-001-000-17,['O-20240116-063500-001-000-51'],O-20240116-063500-001-000-49,,,,['STOP_LOSS'],961b0de6-5a5a-46aa-ae19-77c74b8d8520,2024-01-16 06:35:00+00:00,2024-01-16 08:34:00+00:00,1.09009,DEFAULT,,,,,
O-20240116-114500-001-000-52,AGG-DEMO-001,InternalEmaCrossStrategy-000,EURUSD.FOREX_MS,FOREX_MS-1-052,EURUSD.FOREX_MS-InternalEmaCrossStrategy-000,FOREX_MS-001,FOREX_MS-1-071,MARKET,BUY,100000,GTC,False,False,100000,TAKER,1.0894599941,0.0,['108.94 USD'],NO_TRIGGER,FILLED,OTO,OL-20240116-114500-001-000-18,"['O-20240116-114500-001-000-53', 'O-20240116-114500-001-000-54']",,,,,['ENTRY'],850bf5af-38a8-4cf8-9407-624956632d7f,2024-01-16 11:45:00+00:00,2024-01-16 11:45:00+00:00,,,,,,,
O-20240116-114500-001-000-53,AGG-DEMO-001,InternalEmaCrossStrategy-000,EURUSD.FOREX_MS,FOREX_MS-1-053,EURUSD.FOREX_MS-InternalEmaCrossStrategy-000,FOREX_MS-001,FOREX_MS-1-073,STOP_MARKET,SELL,100000,GTC,True,False,100000,TAKER,1.0874400227,9.977299999963662e-06,['108.75 USD'],NO_TRIGGER,FILLED,OUO,OL-20240116-114500-001-000-18,['O-20240116-114500-001-000-54'],O-20240116-114500-001-000-52,,,,['STOP_LOSS'],00a6ae02-105a-4514-8f92-5ef8639c0d5e,2024-01-16 11:45:00+00:00,2024-01-16 13:53:00+00:00,1.08745,DEFAULT,,,,,
O-20240116-153500-001-000-55,AGG-DEMO-001,InternalEmaCrossStrategy-000,EURUSD.FOREX_MS,FOREX_MS-1-055,EURUSD.FOREX_MS-InternalEmaCrossStrategy-000,FOREX_MS-001,FOREX_MS-1-075,MARKET,BUY,100000,GTC,False,False,100000,TAKER,1.0880099935999998,0.0,['108.80 USD'],NO_TRIGGER,FILLED,OTO,OL-20240116-153500-001-000-19,"['O-20240116-153500-001-000-56', 'O-20240116-153500-001-000-57']",,,,,['ENTRY'],a482064d-6217-4b3f-aad0-9ac3beb91e19,2024-01-16 15:35:00+00:00,2024-01-16 15:35:00+00:00,,,,,,,
O-20240116-153500-001-000-56,AGG-DEMO-001,InternalEmaCrossStrategy-000,EURUSD.FOREX_MS,FOREX_MS-1-056,EURUSD.FOREX_MS-InternalEmaCrossStrategy-000,FOREX_MS-001,FOREX_MS-1-077,STOP_MARKET,SELL,100000,GTC,True,False,100000,TAKER,1.0859900055,9.99450000005453e-06,['108.60 USD'],NO_TRIGGER,FILLED,OUO,OL-20240116-153500-001-000-19,['O-20240116-153500-001-000-57'],O-20240116-153500-001-000-55,,,,['STOP_LOSS'],7b83222b-3c71-4b2b-82e0-fe2d89fcd4ad,2024-01-16 15:35:00+00:00,2024-01-17 06:07:00+00:00,1.08600,DEFAULT,,,,,
O-20240117-071500-001-000-58,AGG-DEMO-001,InternalEmaCrossStrategy-000,EURUSD.FOREX_MS,FOREX_MS-1-058,EURUSD.FOREX_MS-InternalEmaCrossStrategy-000,FOREX_MS-001,FOREX_MS-1-079,MARKET,BUY,100000,GTC,False,False,100000,TAKER,1.0866299946,0.0,['108.66 USD'],NO_TRIGGER,FILLED,OTO,OL-20240117-071500-001-000-20,"['O-20240117-071500-001-000-59', 'O-20240117-071500-001-000-60']",,,,,['ENTRY'],7b4335e0-fb12-4a7c-b1fe-d0c9ca77e512,2024-01-17 07:15:00+00:00,2024-01-17 07:15:00+00:00,,,,,,,
O-20240117-071500-001-000-59,AGG-DEMO-001,InternalEmaCrossStrategy-000,EURUSD.FOREX_MS,FOREX_MS-1-059,EURUSD.FOREX_MS-InternalEmaCrossStrategy-000,FOREX_MS-001,FOREX_MS-1-081,STOP_MARKET,SELL,100000,GTC,True,False,100000,TAKER,1.0846100152,9.984799999918081e-06,['108.46 USD'],NO_TRIGGER,FILLED,OUO,OL-20240117-071500-001-000-20,['O-20240117-071500-001-000-60'],O-20240117-071500-001-000-58,,,,['STOP_LOSS'],de05b6b7-ffbe-4f1f-b724-156565fa9828,2024-01-17 07:15:00+00:00,2024-01-17 15:53:00+00:00,1.08462,DEFAULT,,,,,
O-20240117-170500-001-000-61,AGG-DEMO-001,InternalEmaCrossStrategy-000,EURUSD.FOREX_MS,FOREX_MS-1-061,EURUSD.FOREX_MS-InternalEmaCrossStrategy-000,FOREX_MS-001,FOREX_MS-1-083,MARKET,BUY,100000,GTC,False,False,100000,TAKER,1.0861899895,0.0,['108.61 USD'],NO_TRIGGER,FILLED,OTO,OL-20240117-170500-001-000-21,"['O-20240117-170500-001-000-62', 'O-20240117-170500-001-000-63']",,,,,['ENTRY'],e58ba5e6-c540-4aa2-b2b5-d1c32b826626,2024-01-17 17:05:00+00:00,2024-01-17 17:05:00+00:00,,,,,,,
O-20240117-170500-001-000-63,AGG-DEMO-001,InternalEmaCrossStrategy-000,EURUSD.FOREX_MS,FOREX_MS-1-063,EURUSD.FOREX_MS-InternalEmaCrossStrategy-000,FOREX_MS-001,FOREX_MS-1-085,LIMIT,SELL,100000,GTC,True,False,100000,MAKER,1.09018,0.0,['109.02 USD'],NO_TRIGGER,FILLED,OUO,OL-20240117-170500-001-000-21,['O-20240117-170500-001-000-62'],O-20240117-170500-001-000-61,,,,['TAKE_PROFIT'],704f7c1f-a947-49ad-aad3-6ece4169d6b1,2024-01-17 17:05:00+00:00,2024-01-18 02:19:00+00:00,,,,,1.09018,True,
O-20240118-030500-001-000-64,AGG-DEMO-001,InternalEmaCrossStrategy-000,EURUSD.FOREX_MS,FOREX_MS-1-064,EURUSD.FOREX_MS-InternalEmaCrossStrategy-000,FOREX_MS-001,FOREX_MS-1-087,MARKET,SELL,100000,GTC,False,False,100000,TAKER,1.0892000064999998,0.0,['108.92 USD'],NO_TRIGGER,FILLED,OTO,OL-20240118-030500-001-000-22,"['O-20240118-030500-001-000-65', 'O-20240118-030500-001-000-66']",,,,,['ENTRY'],d5c9c4f8-e594-4d3d-90ea-3b2722317525,2024-01-18 03:05:00+00:00,2024-01-18 03:05:00+00:00,,,,,,,
O-20240118-030500-001-000-66,AGG-DEMO-001,InternalEmaCrossStrategy-000,EURUSD.FOREX_MS,FOREX_MS-1-066,EURUSD.FOREX_MS-InternalEmaCrossStrategy-000,FOREX_MS-001,FOREX_MS-1-089,LIMIT,BUY,100000,GTC,True,False,100000,MAKER,1.08524,0.0,['108.52 USD'],NO_TRIGGER,FILLED,OUO,OL-20240118-030500-001-000-22,['O-20240118-030500-001-000-65'],O-20240118-030500-001-000-64,,,,['TAKE_PROFIT'],956cc5ac-6a70-4544-a95c-f0568aa2a43b,2024-01-18 03:05:00+00:00,2024-01-18 13:58:00+00:00,,,,,1.08524,True,
O-20240118-162500-001-000-67,AGG-DEMO-001,InternalEmaCrossStrategy-000,EURUSD.FOREX_MS,FOREX_MS-1-067,EURUSD.FOREX_MS-InternalEmaCrossStrategy-000,FOREX_MS-001,FOREX_MS-1-091,MARKET,BUY,100000,GTC,False,False,100000,TAKER,1.0866099929000002,0.0,['108.66 USD'],NO_TRIGGER,FILLED,OTO,OL-20240118-162500-001-000-23,"['O-20240118-162500-001-000-68', 'O-20240118-162500-001-000-69']",,,,,['ENTRY'],c76f5a3e-ce07-400f-8b70-afb455964b8f,2024-01-18 16:25:00+00:00,2024-01-18 16:25:00+00:00,,,,,,,
O-20240118-162500-001-000-69,AGG-DEMO-001,InternalEmaCrossStrategy-000,EURUSD.FOREX_MS,FOREX_MS-1-069,EURUSD.FOREX_MS-InternalEmaCrossStrategy-000,FOREX_MS-001,FOREX_MS-1-093,LIMIT,SELL,100000,GTC,True,False,100000,MAKER,1.0906,0.0,['109.06 USD'],NO_TRIGGER,FILLED,OUO,OL-20240118-162500-001-000-23,['O-20240118-162500-001-000-68'],O-20240118-162500-001-000-67,,,,['TAKE_PROFIT'],d2d1c979-ca03-4f2b-9460-e78c2a741265,2024-01-18 16:25:00+00:00,2024-01-22 02:18:00+00:00,,,,,1.09060,True,
O-20240122-035000-001-000-70,AGG-DEMO-001,InternalEmaCrossStrategy-000,EURUSD.FOREX_MS,FOREX_MS-1-070,EURUSD.FOREX_MS-InternalEmaCrossStrategy-000,FOREX_MS-001,FOREX_MS-1-095,MARKET,SELL,100000,GTC,False,False,100000,TAKER,1.0902200035,0.0,['109.02 USD'],NO_TRIGGER,FILLED,OTO,OL-20240122-035000-001-000-24,"['O-20240122-035000-001-000-71', 'O-20240122-035000-001-000-72']",,,,,['ENTRY'],2afc7f56-3705-4db1-b21c-e8dc7d1a2304,2024-01-22 03:50:00+00:00,2024-01-22 03:50:00+00:00,,,,,,,
O-20240122-035000-001-000-72,AGG-DEMO-001,InternalEmaCrossStrategy-000,EURUSD.FOREX_MS,FOREX_MS-1-072,EURUSD.FOREX_MS-InternalEmaCrossStrategy-000,FOREX_MS-001,FOREX_MS-1-097,LIMIT,BUY,100000,GTC,True,False,100000,MAKER,1.08627,0.0,['108.63 USD'],NO_TRIGGER,FILLED,OUO,OL-20240122-035000-001-000-24,['O-20240122-035000-001-000-71'],O-20240122-035000-001-000-70,,,,['TAKE_PROFIT'],f14b0f55-77f5-4538-9aa6-a624156c5a3e,2024-01-22 03:50:00+00:00,2024-01-23 11:27:00+00:00,,,,,1.08627,True,
O-20240123-133000-001-000-73,AGG-DEMO-001,InternalEmaCrossStrategy-000,EURUSD.FOREX_MS,FOREX_MS-1-073,EURUSD.FOREX_MS-InternalEmaCrossStrategy-000,FOREX_MS-001,FOREX_MS-1-099,MARKET,BUY,100000,GTC,False,False,100000,TAKER,1.0870799845,0.0,['108.71 USD'],NO_TRIGGER,FILLED,OTO,OL-20240123-133000-001-000-25,"['O-20240123-133000-001-000-74', 'O-20240123-133000-001-000-75']",,,,,['ENTRY'],1c3a9b7d-404d-4d5d-be3b-b750e278f9d2,2024-01-23 13:30:00+00:00,2024-01-23 13:30:00+00:00,,,,,,,
O-20240123-133000-001-000-74,AGG-DEMO-001,InternalEmaCrossStrategy-000,EURUSD.FOREX_MS,FOREX_MS-1-074,EURUSD.FOREX_MS-InternalEmaCrossStrategy-000,FOREX_MS-001,FOREX_MS-1-101,STOP_MARKET,SELL,100000,GTC,True,False,100000,TAKER,1.0850600102999999,9.989700000101465e-06,['108.50 USD'],NO_TRIGGER,FILLED,OUO,OL-20240123-133000-001-000-25,['O-20240123-133000-001-000-75'],O-20240123-133000-001-000-73,,,,['STOP_LOSS'],46d08153-6b1e-4319-bf50-f8ae86f43e68,2024-01-23 13:30:00+00:00,2024-01-23 14:52:00+00:00,1.08507,DEFAULT,,,,,
O-20240123-182000-001-000-76,AGG-DEMO-001,InternalEmaCrossStrategy-000,EURUSD.FOREX_MS,FOREX_MS-1-076,EURUSD.FOREX_MS-InternalEmaCrossStrategy-000,FOREX_MS-001,FOREX_MS-1-103,MARKET,BUY,100000,GTC,False,False,100000,TAKER,1.0837899915,0.0,['108.38 USD'],NO_TRIGGER,FILLED,OTO,OL-20240123-182000-001-000-26,"['O-20240123-182000-001-000-77', 'O-20240123-182000-001-000-78']",,,,,['ENTRY'],64d2752d-3dbc-4bc3-b6b9-16bf4b36be77,2024-01-23 18:20:00+00:00,2024-01-23 18:20:00+00:00,,,,,,,
O-20240123-182000-001-000-78,AGG-DEMO-001,InternalEmaCrossStrategy-000,EURUSD.FOREX_MS,FOREX_MS-1-078,EURUSD.FOREX_MS-InternalEmaCrossStrategy-000,FOREX_MS-001,FOREX_MS-1-105,LIMIT,SELL,100000,GTC,True,False,100000,MAKER,1.08778,0.0,['108.77 USD'],NO_TRIGGER,FILLED,OUO,OL-20240123-182000-001-000-26,['O-20240123-182000-001-000-77'],O-20240123-182000-001-000-76,,,,['TAKE_PROFIT'],9cff4c29-d0d3-4ead-8a23-fae3048d3443,2024-01-23 18:20:00+00:00,2024-01-24 07:43:00+00:00,,,,,1.08778,True,
O-20240124-084000-001-000-79,AGG-DEMO-001,InternalEmaCrossStrategy-000,EURUSD.FOREX_MS,FOREX_MS-1-079,EURUSD.FOREX_MS-InternalEmaCrossStrategy-000,FOREX_MS-001,FOREX_MS-1-107,MARKET,SELL,100000,GTC,False,False,100000,TAKER,1.0864800114,0.0,['108.64 USD'],NO_TRIGGER,FILLED,OTO,OL-20240124-084000-001-000-27,"['O-20240124-084000-001-000-80', 'O-20240124-084000-001-000-81']",,,,,['ENTRY'],92baa270-48b6-4433-adf2-2c5e02201c26,2024-01-24 08:40:00+00:00,2024-01-24 08:40:00+00:00,,,,,,,
O-20240124-084000-001-000-80,AGG-DEMO-001,InternalEmaCrossStrategy-000,EURUSD.FOREX_MS,FOREX_MS-1-080,EURUSD.FOREX_MS-InternalEmaCrossStrategy-000,FOREX_MS-001,FOREX_MS-1-109,STOP_MARKET,BUY,100000,GTC,True,False,100000,TAKER,1.088529987,9.98700000010011e-06,['108.85 USD'],NO_TRIGGER,FILLED,OUO,OL-20240124-084000-001-000-27,['O-20240124-084000-001-000-81'],O-20240124-084000-001-000-79,,,,['STOP_LOSS'],c67c6a59-9430-405d-a9fd-2cfd9f4001d6,2024-01-24 08:40:00+00:00,2024-01-24 09:14:00+00:00,1.08852,DEFAULT,,,,,
O-20240124-120500-001-000-82,AGG-DEMO-001,InternalEmaCrossStrategy-000,EURUSD.FOREX_MS,FOREX_MS-1-082,EURUSD.FOREX_MS-InternalEmaCrossStrategy-000,FOREX_MS-001,FOREX_MS-1-111,MARKET,SELL,100000,GTC,False,False,100000,TAKER,1.0892100053,0.0,['108.92 USD'],NO_TRIGGER,FILLED,OTO,OL-20240124-120500-001-000-28,"['O-20240124-120500-001-000-83', 'O-20240124-120500-001-000-84']",,,,,['ENTRY'],18bef773-e4fb-47b1-9fd6-db1b0fdb549c,2024-01-24 12:05:00+00:00,2024-01-24 12:05:00+00:00,,,,,,,
O-20240124-120500-001-000-83,AGG-DEMO-001,InternalEmaCrossStrategy-000,EURUSD.FOREX_MS,FOREX_MS-1-083,EURUSD.FOREX_MS-InternalEmaCrossStrategy-000,FOREX_MS-001,FOREX_MS-1-113,STOP_MARKET,BUY,100000,GTC,True,False,100000,TAKER,1.0912699767,9.976700000136063e-06,['109.12 USD'],NO_TRIGGER,FILLED,OUO,OL-20240124-120500-001-000-28,['O-20240124-120500-001-000-84'],O-20240124-120500-001-000-82,,,,['STOP_LOSS'],0890491f-c48f-4400-a8f0-4797a55a3594,2024-01-24 12:05:00+00:00,2024-01-24 13:29:00+00:00,1.09126,DEFAULT,,,,,
O-20240124-150000-001-000-85,AGG-DEMO-001,InternalEmaCrossStrategy-000,EURUSD.FOREX_MS,FOREX_MS-1-085,EURUSD.FOREX_MS-InternalEmaCrossStrategy-000,FOREX_MS-001,FOREX_MS-1-115,MARKET,SELL,100000,GTC,False,False,100000,TAKER,1.0902600277,0.0,['109.02 USD'],NO_TRIGGER,FILLED,OTO,OL-20240124-150000-001-000-29,"['O-20240124-150000-001-000-86', 'O-20240124-150000-001-000-87']",,,,,['ENTRY'],d7fcbeac-1c83-4190-9fd3-c5153080660f,2024-01-24 15:00:00+00:00,2024-01-24 15:00:00+00:00,,,,,,,
O-20240124-150000-001-000-87,AGG-DEMO-001,InternalEmaCrossStrategy-000,EURUSD.FOREX_MS,FOREX_MS-1-087,EURUSD.FOREX_MS-InternalEmaCrossStrategy-000,FOREX_MS-001,FOREX_MS-1-117,LIMIT,BUY,100000,GTC,True,False,100000,MAKER,1.0863,0.0,['108.63 USD'],NO_TRIGGER,FILLED,OUO,OL-20240124-150000-001-000-29,['O-20240124-150000-001-000-86'],O-20240124-150000-001-000-85,,,,['TAKE_PROFIT'],dac8f134-0ba0-4e4f-9eb7-6759de4d2139,2024-01-24 15:00:00+00:00,2024-01-25 14:03:00+00:00,,,,,1.08630,True,
O-20240125-172500-001-000-88,AGG-DEMO-001,InternalEmaCrossStrategy-000,EURUSD.FOREX_MS,FOREX_MS-1-088,EURUSD.FOREX_MS-InternalEmaCrossStrategy-000,FOREX_MS-001,FOREX_MS-1-119,MARKET,BUY,100000,GTC,False,False,100000,TAKER,1.0847299945,0.0,['108.47 USD'],NO_TRIGGER,FILLED,OTO,OL-20240125-172500-001-000-30,"['O-20240125-172500-001-000-89', 'O-20240125-172500-001-000-90']",,,,,['ENTRY'],649879ce-c799-4fd0-b384-5a0f83671b8d,2024-01-25 17:25:00+00:00,2024-01-25 17:25:00+00:00,,,,,,,
O-20240125-172500-001-000-89,AGG-DEMO-001,InternalEmaCrossStrategy-000,EURUSD.FOREX_MS,FOREX_MS-1-089,EURUSD.FOREX_MS-InternalEmaCrossStrategy-000,FOREX_MS-001,FOREX_MS-1-121,STOP_MARKET,SELL,100000,GTC,True,False,100000,TAKER,1.0827100091,9.990899999978708e-06,['108.27 USD'],NO_TRIGGER,FILLED,OUO,OL-20240125-172500-001-000-30,['O-20240125-172500-001-000-90'],O-20240125-172500-001-000-88,,,,['STOP_LOSS'],7d7c732b-0380-4ce9-9c49-0cdbaebca0d6,2024-01-25 17:25:00+00:00,2024-01-25 19:02:00+00:00,1.08272,DEFAULT,,,,,
O-20240125-200500-001-000-91,AGG-DEMO-001,InternalEmaCrossStrategy-000,EURUSD.FOREX_MS,FOREX_MS-1-091,EURUSD.FOREX_MS-InternalEmaCrossStrategy-000,FOREX_MS-001,FOREX_MS-1-123,MARKET,BUY,100000,GTC,False,False,100000,TAKER,1.0837199987,0.0,['108.37 USD'],NO_TRIGGER,FILLED,OTO,OL-20240125-200500-001-000-31,"['O-20240125-200500-001-000-92', 'O-20240125-200500-001-000-93']",,,,,['ENTRY'],a809739e-e021-4bb4-ba0c-1e7ec2cbb7a7,2024-01-25 20:05:00+00:00,2024-01-25 20:05:00+00:00,,,,,,,
O-20240125-200500-001-000-92,AGG-DEMO-001,InternalEmaCrossStrategy-000,EURUSD.FOREX_MS,FOREX_MS-1-092,EURUSD.FOREX_MS-InternalEmaCrossStrategy-000,FOREX_MS-001,FOREX_MS-1-125,STOP_MARKET,SELL,100000,GTC,True,False,100000,TAKER,1.0817000141000002,9.985899999787051e-06,['108.17 USD'],NO_TRIGGER,FILLED,OUO,OL-20240125-200500-001-000-31,['O-20240125-200500-001-000-93'],O-20240125-200500-001-000-91,,,,['STOP_LOSS'],409f2d3f-9f7a-4cfb-9b3a-59e681615ea1,2024-01-25 20:05:00+00:00,2024-01-26 07:17:00+00:00,1.08171,DEFAULT,,,,,
O-20240126-084000-001-000-94,AGG-DEMO-001,InternalEmaCrossStrategy-000,EURUSD.FOREX_MS,FOREX_MS-1-094,EURUSD.FOREX_MS-InternalEmaCrossStrategy-000,FOREX_MS-001,FOREX_MS-1-127,MARKET,BUY,100000,GTC,False,False,100000,TAKER,1.0832499883,0.0,['108.33 USD'],NO_TRIGGER,FILLED,OTO,OL-20240126-084000-001-000-32,"['O-20240126-084000-001-000-95', 'O-20240126-084000-001-000-96']",,,,,['ENTRY'],78a75824-94d3-4a37-9fe8-802f431b75ee,2024-01-26 08:40:00+00:00,2024-01-26 08:40:00+00:00,,,,,,,
O-20240126-084000-001-000-96,AGG-DEMO-001,InternalEmaCrossStrategy-000,EURUSD.FOREX_MS,FOREX_MS-1-096,EURUSD.FOREX_MS-InternalEmaCrossStrategy-000,FOREX_MS-001,FOREX_MS-1-129,LIMIT,SELL,100000,GTC,True,False,100000,MAKER,1.08724,0.0,['108.72 USD'],NO_TRIGGER,FILLED,OUO,OL-20240126-084000-001-000-32,['O-20240126-084000-001-000-95'],O-20240126-084000-001-000-94,,,,['TAKE_PROFIT'],472c82e5-e9ee-48cd-8301-9ea3c01aaf80,2024-01-26 08:40:00+00:00,2024-01-26 11:11:00+00:00,,,,,1.08724,True,
O-20240126-133500-001-000-97,AGG-DEMO-001,InternalEmaCrossStrategy-000,EURUSD.FOREX_MS,FOREX_MS-1-097,EURUSD.FOREX_MS-InternalEmaCrossStrategy-000,FOREX_MS-001,FOREX_MS-1-131,MARKET,SELL,100000,GTC,False,False,100000,TAKER,1.0860400360999998,0.0,['108.60 USD'],NO_TRIGGER,FILLED,OTO,OL-20240126-133500-001-000-33,"['O-20240126-133500-001-000-98', 'O-20240126-133500-001-000-99']",,,,,['ENTRY'],2faa29da-bd08-4cc7-aa7f-49a10dda5512,2024-01-26 13:35:00+00:00,2024-01-26 13:35:00+00:00,,,,,,,
O-20240126-133500-001-000-98,AGG-DEMO-001,InternalEmaCrossStrategy-000,EURUSD.FOREX_MS,FOREX_MS-1-098,EURUSD.FOREX_MS-InternalEmaCrossStrategy-000,FOREX_MS-001,FOREX_MS-1-133,STOP_MARKET,BUY,100000,GTC,True,False,100000,TAKER,1.0880799701,9.970099999812021e-06,['108.81 USD'],NO_TRIGGER,FILLED,OUO,OL-20240126-133500-001-000-33,['O-20240126-133500-001-000-99'],O-20240126-133500-001-000-97,,,,['STOP_LOSS'],cfc0b06c-43f7-4196-902f-10384b79ae5b,2024-01-26 13:35:00+00:00,2024-01-26 13:48:00+00:00,1.08807,DEFAULT,,,,,
O-20240126-135000-001-000-100,AGG-DEMO-001,InternalEmaCrossStrategy-000,EURUSD.FOREX_MS,FOREX_MS-1-100,EURUSD.FOREX_MS-InternalEmaCrossStrategy-000,FOREX_MS-001,FOREX_MS-1-135,MARKET,BUY,100000,GTC,False,False,100000,TAKER,1.0880599867,0.0,['108.80 USD'],NO_TRIGGER,FILLED,OTO,OL-20240126-135000-001-000-34,"['O-20240126-135000-001-000-101', 'O-20240126-135000-001-000-102']",,,,,['ENTRY'],dbe8af0d-7f73-41a0-bb51-876862cc7fa4,2024-01-26 13:50:00+00:00,2024-01-26 13:50:00+00:00,,,,,,,
O-20240126-135000-001-000-101,AGG-DEMO-001,InternalEmaCrossStrategy-000,EURUSD.FOREX_MS,FOREX_MS-1-101,EURUSD.FOREX_MS-InternalEmaCrossStrategy-000,FOREX_MS-001,FOREX_MS-1-137,STOP_MARKET,SELL,100000,GTC,True,False,100000,TAKER,1.0860400138999997,9.986100000247689e-06,['108.60 USD'],NO_TRIGGER,FILLED,OUO,OL-20240126-135000-001-000-34,['O-20240126-135000-001-000-102'],O-20240126-135000-001-000-100,,,,['STOP_LOSS'],eed65191-3d5f-4878-938a-618097a6edbf,2024-01-26 13:50:00+00:00,2024-01-26 15:16:00+00:00,1.08605,DEFAULT,,,,,
O-20240126-163500-001-000-103,AGG-DEMO-001,InternalEmaCrossStrategy-000,EURUSD.FOREX_MS,FOREX_MS-1-103,EURUSD.FOREX_MS-InternalEmaCrossStrategy-000,FOREX_MS-001,FOREX_MS-1-139,MARKET,BUY,100000,GTC,False,False,100000,TAKER,1.0867799964,0.0,['108.68 USD'],NO_TRIGGER,FILLED,OTO,OL-20240126-163500-001-000-35,"['O-20240126-163500-001-000-104', 'O-20240126-163500-001-000-105']",,,,,['ENTRY'],61b042e8-8071-4043-8526-ca9d42f4866d,2024-01-26 16:35:00+00:00,2024-01-26 16:35:00+00:00,,,,,,,
O-20240126-163500-001-000-104,AGG-DEMO-001,InternalEmaCrossStrategy-000,EURUSD.FOREX_MS,FOREX_MS-1-104,EURUSD.FOREX_MS-InternalEmaCrossStrategy-000,FOREX_MS-001,FOREX_MS-1-141,STOP_MARKET,SELL,100000,GTC,True,False,100000,TAKER,1.0846700006999999,9.999930000015311e-05,['108.47 USD'],NO_TRIGGER,FILLED,OUO,OL-20240126-163500-001-000-35,['O-20240126-163500-001-000-105'],O-20240126-163500-001-000-103,,,,['STOP_LOSS'],f542f8a8-b549-4d87-8c89-aebc0aa39156,2024-01-26 16:35:00+00:00,2024-01-28 22:00:00+00:00,1.08477,DEFAULT,,,,,
O-20240128-220000-001-000-106,AGG-DEMO-001,InternalEmaCrossStrategy-000,EURUSD.FOREX_MS,FOREX_MS-1-106,EURUSD.FOREX_MS-InternalEmaCrossStrategy-000,FOREX_MS-001,FOREX_MS-1-143,MARKET,SELL,100000,GTC,False,False,100000,TAKER,1.0842900007,0.0,['108.43 USD'],NO_TRIGGER,FILLED,OTO,OL-20240128-220000-001-000-36,"['O-20240128-220000-001-000-107', 'O-20240128-220000-001-000-108']",,,,,['ENTRY'],2c748de8-810c-438b-a1c0-50d4d22b2597,2024-01-28 22:00:00+00:00,2024-01-28 22:00:00+00:00,,,,,,,
O-20240128-220000-001-000-108,AGG-DEMO-001,InternalEmaCrossStrategy-000,EURUSD.FOREX_MS,FOREX_MS-1-108,EURUSD.FOREX_MS-InternalEmaCrossStrategy-000,FOREX_MS-001,FOREX_MS-1-145,LIMIT,BUY,100000,GTC,True,False,100000,MAKER,1.08061,0.0,['108.06 USD'],NO_TRIGGER,FILLED,OUO,OL-20240128-220000-001-000-36,['O-20240128-220000-001-000-107'],O-20240128-220000-001-000-106,,,,['TAKE_PROFIT'],1874d5e9-50dc-4f2d-9e1c-4390e6cde241,2024-01-28 22:00:00+00:00,2024-01-29 14:34:00+00:00,,,,,1.08061,True,
O-20240129-170000-001-000-109,AGG-DEMO-001,InternalEmaCrossStrategy-000,EURUSD.FOREX_MS,FOREX_MS-1-109,EURUSD.FOREX_MS-InternalEmaCrossStrategy-000,FOREX_MS-001,FOREX_MS-1-147,MARKET,BUY,100000,GTC,False,False,100000,TAKER,1.080599997,0.0,['108.06 USD'],NO_TRIGGER,FILLED,OTO,OL-20240129-170000-001-000-37,"['O-20240129-170000-001-000-110', 'O-20240129-170000-001-000-111']",,,,,['ENTRY'],cd014026-8c6e-446e-b3e8-0c355ad773ea,2024-01-29 17:00:00+00:00,2024-01-29 17:00:00+00:00,,,,,,,
O-20240129-170000-001-000-111,AGG-DEMO-001,InternalEmaCrossStrategy-000,EURUSD.FOREX_MS,FOREX_MS-1-111,EURUSD.FOREX_MS-InternalEmaCrossStrategy-000,FOREX_MS-001,FOREX_MS-1-149,LIMIT,SELL,100000,GTC,True,False,100000,MAKER,1.08459,0.0,['108.46 USD'],NO_TRIGGER,FILLED,OUO,OL-20240129-170000-001-000-37,['O-20240129-170000-001-000-110'],O-20240129-170000-001-000-109,,,,['TAKE_PROFIT'],3a6be127-2dd9-4486-94c8-2a96640f05c7,2024-01-29 17:00:00+00:00,2024-01-30 11:38:00+00:00,,,,,1.08459,True,
O-20240130-133500-001-000-112,AGG-DEMO-001,InternalEmaCrossStrategy-000,EURUSD.FOREX_MS,FOREX_MS-1-112,EURUSD.FOREX_MS-InternalEmaCrossStrategy-000,FOREX_MS-001,FOREX_MS-1-151,MARKET,SELL,100000,GTC,False,False,100000,TAKER,1.0838000146000002,0.0,['108.38 USD'],NO_TRIGGER,FILLED,OTO,OL-20240130-133500-001-000-38,"['O-20240130-133500-001-000-113', 'O-20240130-133500-001-000-114']",,,,,['ENTRY'],0beffa1c-55c9-4927-93dd-14cf0f53bf4c,2024-01-30 13:35:00+00:00,2024-01-30 13:35:00+00:00,,,,,,,
O-20240130-133500-001-000-113,AGG-DEMO-001,InternalEmaCrossStrategy-000,EURUSD.FOREX_MS,FOREX_MS-1-113,EURUSD.FOREX_MS-InternalEmaCrossStrategy-000,FOREX_MS-001,FOREX_MS-1-153,STOP_MARKET,BUY,100000,GTC,True,False,100000,TAKER,1.0858499845,9.984500000115304e-06,['108.59 USD'],NO_TRIGGER,FILLED,OUO,OL-20240130-133500-001-000-38,['O-20240130-133500-001-000-114'],O-20240130-133500-001-000-112,,,,['STOP_LOSS'],00d181b3-7108-47b0-b4d3-aa8570a61236,2024-01-30 13:35:00+00:00,2024-01-31 13:42:00+00:00,1.08584,DEFAULT,,,,,
O-20240131-154500-001-000-115,AGG-DEMO-001,InternalEmaCrossStrategy-000,EURUSD.FOREX_MS,FOREX_MS-1-115,EURUSD.FOREX_MS-InternalEmaCrossStrategy-000,FOREX_MS-001,FOREX_MS-1-155,MARKET,SELL,100000,GTC,False,False,100000,TAKER,1.0856000149,0.0,['108.56 USD'],NO_TRIGGER,FILLED,OTO,OL-20240131-154500-001-000-39,"['O-20240131-154500-001-000-116', 'O-20240131-154500-001-000-117']",,,,,['ENTRY'],336057a9-93d0-4d70-9c33-25c8f84b3a3c,2024-01-31 15:45:00+00:00,2024-01-31 15:45:00+00:00,,,,,,,
O-20240131-182900-001-000-118,AGG-DEMO-001,InternalEmaCrossStrategy-000,EURUSD.FOREX_MS,FOREX_MS-1-118,EURUSD.FOREX_MS-InternalEmaCrossStrategy-000,FOREX_MS-001,FOREX_MS-1-157,MARKET,BUY,100000,GTC,True,False,100000,TAKER,1.0848199955,0.0,['108.48 USD'],NO_TRIGGER,FILLED,NO_CONTINGENCY,,,,,,,,a43358a3-c5e9-4483-ab9b-248a1059fc37,2024-01-31 18:29:00+00:00,2024-01-31 18:29:00+00:00,,,,,,,
